ClassID,UserID,NumTrial,Condition,ColorOrWord,WordDisplayed,ColorOfStimulus,ColorOfResponse,ReactionTime
6036,159304,1,ConW,C,YELLOW,Y,Y,1185
6036,159304,2,ConW,C,BLUE,B,B,1669
6036,159304,3,ConW,C,GREEN,G,G,921
6036,159304,4,ConW,C,RED,R,R,1139
6036,159304,5,ConW,C,YELLOW,Y,Y,811
6036,159304,6,ConW,C,GREEN,G,G,889
6036,159304,7,ConW,C,RED,R,R,468
6036,159304,8,ConW,C,BLUE,B,B,530
6036,159304,9,ConW,C,YELLOW,Y,Y,484
6036,159304,10,ConW,C,BLUE,B,B,952
6036,159304,11,ConW,C,GREEN,G,G,655
6036,159304,12,ConW,C,RED,R,R,437
6036,159304,13,ConW,C,GREEN,G,G,733
6036,159304,14,ConW,C,BLUE,B,B,437
6036,159304,15,ConW,C,GREEN,G,G,764
6036,159304,16,ConW,C,YELLOW,Y,Y,733
6036,159304,17,ConW,C,GREEN,G,G,780
6036,159304,18,ConW,C,BLUE,B,B,531
6036,159304,19,ConW,C,RED,R,R,670
6036,159304,20,ConW,C,BLUE,B,B,734
6036,159304,21,ConW,C,GREEN,G,G,873
6036,159304,22,ConW,C,BLUE,B,B,1123
6036,159304,23,ConW,C,GREEN,G,B,749
6036,159304,24,ConW,C,YELLOW,Y,Y,889
6036,159304,25,ConW,C,GREEN,G,G,765
6036,159304,26,ConW,C,YELLOW,Y,Y,483
6036,159304,27,ConW,C,RED,R,R,562
6036,159304,28,ConW,C,GREEN,G,G,749
6036,159304,29,ConW,C,YELLOW,Y,Y,546
6036,159304,30,ConW,C,GREEN,G,G,577
6036,159304,31,ConW,C,BLUE,B,B,640
6036,159304,32,ConW,C,YELLOW,Y,Y,561
6036,159304,33,ConW,C,BLUE,B,B,531
6036,159304,34,ConW,C,GREEN,G,G,561
6036,159304,35,ConW,C,YELLOW,Y,Y,655
6036,159304,36,ConW,C,RED,R,R,656
6036,159304,37,ConW,C,BLUE,B,B,608
6036,159304,38,ConW,C,GREEN,G,G,577
6036,159304,39,ConW,C,RED,R,R,702
6036,159304,40,ConW,C,BLUE,B,B,609
6036,159304,41,ConW,C,GREEN,G,G,624
6036,159304,42,ConW,C,YELLOW,Y,Y,577
6036,159304,43,ConW,C,RED,R,R,717
6036,159304,44,ConW,C,YELLOW,Y,Y,656
6036,159304,45,ConW,C,RED,R,R,670
6036,159304,46,IncW,C,GREEN,Y,Y,1279
6036,159304,47,IncW,C,YELLOW,G,G,1076
6036,159304,48,IncW,C,GREEN,R,R,1030
6036,159304,49,IncW,C,RED,B,B,983
6036,159304,50,IncW,C,GREEN,Y,Y,889
6036,159304,51,IncW,C,YELLOW,R,R,1029
6036,159304,52,IncW,C,BLUE,G,G,968
6036,159304,53,IncW,C,RED,B,B,967
6036,159304,54,IncW,C,GREEN,Y,Y,764
6036,159304,55,IncW,C,RED,B,B,671
6036,159304,56,IncW,C,GREEN,R,R,1092
6036,159304,57,IncW,C,RED,B,B,1388
6036,159304,58,IncW,C,BLUE,Y,Y,812
6036,159304,59,IncW,C,RED,G,G,795
6036,159304,60,IncW,C,GREEN,B,B,905
6036,159304,61,IncW,C,YELLOW,R,R,1154
6036,159304,62,IncW,C,GREEN,Y,Y,780
6036,159304,63,IncW,C,YELLOW,B,B,718
6036,159304,64,IncW,C,RED,Y,Y,842
6036,159304,65,IncW,C,YELLOW,G,G,827
6036,159304,66,IncW,C,BLUE,R,R,671
6036,159304,67,IncW,C,YELLOW,G,G,1342
6036,159304,68,IncW,C,RED,Y,Y,874
6036,159304,69,IncW,C,GREEN,B,B,671
6036,159304,70,IncW,C,YELLOW,R,R,951
6036,159304,71,IncW,C,RED,G,G,874
6036,159304,72,IncW,C,GREEN,Y,Y,1092
6036,159304,73,IncW,C,RED,G,G,812
6036,159304,74,IncW,C,YELLOW,B,B,577
6036,159304,75,IncW,C,RED,G,G,718
6036,159304,76,IncW,C,GREEN,R,R,765
6036,159304,77,IncW,C,RED,Y,Y,764
6036,159304,78,IncW,C,BLUE,G,G,843
6036,159304,79,IncW,C,YELLOW,R,R,858
6036,159304,80,IncW,C,RED,G,G,827
6036,159304,81,IncW,C,YELLOW,B,B,750
6036,159304,82,IncW,C,GREEN,R,R,827
6036,159304,83,IncW,C,BLUE,G,G,1591
6036,159304,84,IncW,C,RED,B,B,1061
6036,159304,85,IncW,C,GREEN,Y,Y,749
6036,159304,86,IncW,C,RED,B,B,702
6036,159304,87,IncW,C,YELLOW,G,G,952
6036,159304,88,IncW,C,GREEN,Y,Y,1108
6036,159304,89,IncW,C,BLUE,G,G,1279
6036,159304,90,IncW,C,RED,Y,Y,1373
6036,159305,1,IncW,C,YELLOW,G,G,1591
6036,159305,2,IncW,C,BLUE,Y,Y,2309
6036,159305,3,IncW,C,YELLOW,G,G,1747
6036,159305,4,IncW,C,GREEN,B,B,1529
6036,159305,5,IncW,C,BLUE,G,G,1747
6036,159305,6,IncW,C,RED,Y,Y,2013
6036,159305,7,IncW,C,BLUE,G,G,1669
6036,159305,8,IncW,C,GREEN,B,B,1248
6036,159305,9,IncW,C,RED,G,G,1373
6036,159305,10,IncW,C,BLUE,R,R,1638
6036,159305,11,IncW,C,GREEN,Y,Y,2402
6036,159305,12,IncW,C,YELLOW,G,G,1201
6036,159305,13,IncW,C,BLUE,Y,Y,1373
6036,159305,14,IncW,C,YELLOW,G,G,1123
6036,159305,15,IncW,C,BLUE,R,R,1513
6036,159305,16,IncW,C,RED,B,B,1342
6036,159305,17,IncW,C,BLUE,R,R,1139
6036,159305,18,IncW,C,GREEN,Y,Y,1638
6036,159305,19,IncW,C,BLUE,R,R,1217
6036,159305,20,IncW,C,RED,Y,Y,1950
6036,159305,21,IncW,C,BLUE,R,R,1544
6036,159305,22,IncW,C,YELLOW,G,G,967
6036,159305,23,IncW,C,RED,Y,Y,1903
6036,159305,24,IncW,C,BLUE,R,R,2262
6036,159305,25,IncW,C,GREEN,B,B,2059
6036,159305,26,IncW,C,BLUE,G,G,1420
6036,159305,27,IncW,C,GREEN,Y,Y,1295
6036,159305,28,IncW,C,YELLOW,R,R,1451
6036,159305,29,IncW,C,BLUE,G,G,1981
6036,159305,30,IncW,C,RED,B,B,1045
6036,159305,31,IncW,C,YELLOW,G,G,1139
6036,159305,32,IncW,C,GREEN,R,R,1154
6036,159305,33,IncW,C,YELLOW,B,B,1779
6036,159305,34,IncW,C,BLUE,Y,Y,2059
6036,159305,35,IncW,C,YELLOW,R,R,1919
6036,159305,36,IncW,C,GREEN,B,B,1388
6036,159305,37,IncW,C,BLUE,Y,Y,1856
6036,159305,38,IncW,C,YELLOW,R,R,1654
6036,159305,39,IncW,C,GREEN,B,B,1435
6036,159305,40,IncW,C,RED,G,G,967
6036,159305,41,IncW,C,BLUE,R,R,1404
6036,159305,42,IncW,C,YELLOW,G,G,1186
6036,159305,43,IncW,C,RED,B,B,1685
6036,159305,44,IncW,C,YELLOW,R,R,1279
6036,159305,45,IncW,C,RED,Y,Y,1373
6036,159305,46,ConW,C,GREEN,G,G,1311
6036,159305,47,ConW,C,RED,R,R,1154
6036,159305,48,ConW,C,BLUE,B,B,1155
6036,159305,49,ConW,C,RED,R,R,1216
6036,159305,50,ConW,C,YELLOW,Y,Y,1186
6036,159305,51,ConW,C,BLUE,B,B,1716
6036,159305,52,ConW,C,GREEN,G,G,967
6036,159305,53,ConW,C,YELLOW,Y,Y,1591
6036,159305,54,ConW,C,RED,R,R,2325
6036,159305,55,ConW,C,YELLOW,Y,Y,1357
6036,159305,56,ConW,C,RED,R,R,1778
6036,159305,57,ConW,C,BLUE,B,B,1295
6036,159305,58,ConW,C,GREEN,G,G,951
6036,159305,59,ConW,C,BLUE,B,B,890
6036,159305,60,ConW,C,GREEN,G,G,780
6036,159305,61,ConW,C,RED,R,R,1170
6036,159305,62,ConW,C,BLUE,B,B,1357
6036,159305,63,ConW,C,YELLOW,Y,Y,967
6036,159305,64,ConW,C,RED,R,R,1560
6036,159305,65,ConW,C,BLUE,B,B,1295
6036,159305,66,ConW,C,GREEN,G,G,1076
6036,159305,67,ConW,C,RED,R,R,1451
6036,159305,68,ConW,C,GREEN,G,G,936
6036,159305,69,ConW,C,BLUE,B,B,1061
6036,159305,70,ConW,C,RED,R,R,1170
6036,159305,71,ConW,C,YELLOW,Y,Y,1653
6036,159305,72,ConW,C,GREEN,G,G,952
6036,159305,73,ConW,C,BLUE,B,B,873
6036,159305,74,ConW,C,YELLOW,Y,Y,1545
6036,159305,75,ConW,C,BLUE,B,B,1061
6036,159305,76,ConW,C,YELLOW,Y,Y,1123
6036,159305,77,ConW,C,RED,R,R,1310
6036,159305,78,ConW,C,GREEN,G,G,921
6036,159305,79,ConW,C,RED,R,R,1092
6036,159305,80,ConW,C,YELLOW,Y,Y,1294
6036,159305,81,ConW,C,RED,R,R,1248
6036,159305,82,ConW,C,GREEN,G,G,890
6036,159305,83,ConW,C,YELLOW,Y,Y,1669
6036,159305,84,ConW,C,BLUE,B,B,1529
6036,159305,85,ConW,C,GREEN,G,G,1029
6036,159305,86,ConW,C,YELLOW,Y,Y,1108
6036,159305,87,ConW,C,RED,R,R,1154
6036,159305,88,ConW,C,BLUE,B,B,1248
6036,159305,89,ConW,C,YELLOW,Y,Y,1607
6036,159305,90,ConW,C,GREEN,G,G,905
6036,159306,1,IncW,C,YELLOW,B,B,4161
6036,159306,2,IncW,C,BLUE,G,G,1462
6036,159306,3,IncW,C,GREEN,Y,Y,2406
6036,159306,4,IncW,C,BLUE,G,G,1384
6036,159306,5,IncW,C,YELLOW,B,B,4473
6036,159306,6,IncW,C,GREEN,Y,Y,2489
6036,159306,7,IncW,C,YELLOW,G,G,2360
6036,159306,8,IncW,C,GREEN,B,B,1343
6036,159306,9,IncW,C,RED,G,G,1232
6036,159306,10,IncW,C,YELLOW,R,R,1335
6036,159306,11,IncW,C,BLUE,G,G,2152
6036,159306,12,IncW,C,RED,Y,Y,1528
6036,159306,13,IncW,C,GREEN,B,B,1321
6036,159306,14,IncW,C,BLUE,R,R,1136
6036,159306,15,IncW,C,YELLOW,G,G,1768
6036,159306,16,IncW,C,BLUE,Y,Y,1337
6036,159306,17,IncW,C,RED,B,B,1392
6036,159306,18,IncW,C,YELLOW,G,G,2800
6036,159306,19,IncW,C,RED,Y,Y,2832
6036,159306,20,IncW,C,GREEN,R,R,1600
6036,159306,21,IncW,C,RED,B,B,1137
6036,159306,22,IncW,C,GREEN,Y,Y,1136
6036,159306,23,IncW,C,YELLOW,R,R,1128
6036,159306,24,IncW,C,GREEN,B,B,1153
6036,159306,25,IncW,C,YELLOW,R,R,1960
6036,159306,26,IncW,C,GREEN,Y,Y,2057
6036,159306,27,IncW,C,BLUE,G,G,1559
6036,159306,28,IncW,C,YELLOW,B,B,880
6036,159306,29,IncW,C,GREEN,R,R,839
6036,159306,30,IncW,C,YELLOW,G,G,879
6036,159306,31,IncW,C,GREEN,Y,Y,984
6036,159306,32,IncW,C,YELLOW,B,B,1192
6036,159306,33,IncW,C,BLUE,R,R,1271
6036,159306,34,IncW,C,RED,B,B,1177
6036,159306,35,IncW,C,YELLOW,R,R,1184
6036,159306,36,IncW,C,BLUE,Y,Y,1424
6036,159306,37,IncW,C,RED,B,B,1113
6036,159306,38,IncW,C,BLUE,G,G,1072
6036,159306,39,IncW,C,GREEN,R,R,1088
6036,159306,40,IncW,C,RED,B,B,1081
6036,159306,41,IncW,C,GREEN,R,R,2072
6036,159306,42,IncW,C,YELLOW,G,G,1639
6036,159306,43,IncW,C,BLUE,R,R,1079
6036,159306,44,IncW,C,GREEN,B,B,904
6036,159306,45,IncW,C,RED,Y,Y,1817
6036,159306,46,ConW,C,YELLOW,Y,Y,1502
6036,159306,47,ConW,C,GREEN,G,G,1504
6036,159306,48,ConW,C,BLUE,B,B,1567
6036,159306,49,ConW,C,GREEN,G,G,1073
6036,159306,50,ConW,C,RED,R,R,880
6036,159306,51,ConW,C,BLUE,B,B,1032
6036,159306,52,ConW,C,YELLOW,Y,Y,1465
6036,159306,53,ConW,C,GREEN,G,G,880
6036,159306,54,ConW,C,YELLOW,Y,Y,1200
6036,159306,55,ConW,C,BLUE,B,B,1513
6036,159306,56,ConW,C,RED,R,R,1592
6036,159306,57,ConW,C,YELLOW,Y,Y,1129
6036,159306,58,ConW,C,GREEN,G,G,1167
6036,159306,59,ConW,C,RED,R,R,1264
6036,159306,60,ConW,C,YELLOW,Y,Y,1199
6036,159306,61,ConW,C,BLUE,B,B,1095
6036,159306,62,ConW,C,RED,R,R,1199
6036,159306,63,ConW,C,YELLOW,Y,Y,1256
6036,159306,64,ConW,C,RED,R,R,1168
6036,159306,65,ConW,C,GREEN,G,G,1609
6036,159306,66,ConW,C,YELLOW,Y,Y,1144
6036,159306,67,ConW,C,RED,R,R,1336
6036,159306,68,ConW,C,BLUE,B,B,856
6036,159306,69,ConW,C,RED,R,R,1024
6036,159306,70,ConW,C,YELLOW,Y,Y,1616
6036,159306,71,ConW,C,GREEN,G,G,903
6036,159306,72,ConW,C,RED,R,R,1287
6036,159306,73,ConW,C,YELLOW,Y,Y,1423
6036,159306,74,ConW,C,GREEN,G,G,1440
6036,159306,75,ConW,C,YELLOW,Y,Y,1696
6036,159306,76,ConW,C,BLUE,B,B,1848
6036,159306,77,ConW,C,GREEN,G,G,1688
6036,159306,78,ConW,C,RED,R,R,1104
6036,159306,79,ConW,C,YELLOW,Y,Y,1192
6036,159306,80,ConW,C,GREEN,G,G,1360
6036,159306,81,ConW,C,YELLOW,Y,Y,1705
6036,159306,82,ConW,C,RED,R,R,1063
6036,159306,83,ConW,C,BLUE,B,B,935
6036,159306,84,ConW,C,YELLOW,Y,Y,1287
6036,159306,85,ConW,C,GREEN,G,G,871
6036,159306,86,ConW,C,BLUE,B,B,1743
6036,159306,87,ConW,C,YELLOW,Y,Y,1496
6036,159306,88,ConW,C,GREEN,G,G,816
6036,159306,89,ConW,C,YELLOW,Y,Y,1209
6036,159306,90,ConW,C,GREEN,G,G,968
6036,159307,1,IncW,C,BLUE,G,G,1902
6036,159307,2,IncW,C,YELLOW,R,Y,975
6036,159307,3,IncW,C,GREEN,B,G,765
6036,159307,4,IncW,C,RED,G,G,3053
6036,159307,5,IncW,C,YELLOW,B,B,1407
6036,159307,6,IncW,C,RED,Y,Y,1943
6036,159307,7,IncW,C,YELLOW,B,B,1547
6036,159307,8,IncW,C,RED,G,R,1110
6036,159307,9,IncW,C,YELLOW,R,R,3341
6036,159307,10,IncW,C,BLUE,Y,Y,1252
6036,159307,11,IncW,C,GREEN,R,R,1017
6036,159307,12,IncW,C,YELLOW,B,B,1371
6036,159307,13,IncW,C,BLUE,Y,Y,2313
6036,159307,14,IncW,C,YELLOW,B,B,1291
6036,159307,15,IncW,C,BLUE,G,G,924
6036,159307,16,IncW,C,GREEN,Y,Y,1051
6036,159307,17,IncW,C,YELLOW,B,B,1166
6036,159307,18,IncW,C,RED,G,G,1982
6036,159307,19,IncW,C,GREEN,B,B,1420
6036,159307,20,IncW,C,BLUE,R,R,1613
6036,159307,21,IncW,C,GREEN,B,B,1901
6036,159307,22,IncW,C,YELLOW,G,G,1055
6036,159307,23,IncW,C,GREEN,B,B,943
6036,159307,24,IncW,C,RED,G,G,913
6036,159307,25,IncW,C,GREEN,B,B,871
6036,159307,26,IncW,C,YELLOW,G,G,1331
6036,159307,27,IncW,C,BLUE,R,R,944
6036,159307,28,IncW,C,RED,G,G,1470
6036,159307,29,IncW,C,BLUE,R,R,1294
6036,159307,30,IncW,C,YELLOW,B,B,2600
6036,159307,31,IncW,C,BLUE,G,G,1312
6036,159307,32,IncW,C,RED,Y,Y,1122
6036,159307,33,IncW,C,BLUE,R,R,975
6036,159307,34,IncW,C,YELLOW,B,B,1467
6036,159307,35,IncW,C,RED,Y,Y,1906
6036,159307,36,IncW,C,YELLOW,B,B,1813
6036,159307,37,IncW,C,RED,G,G,1050
6036,159307,38,IncW,C,BLUE,R,R,865
6036,159307,39,IncW,C,YELLOW,B,B,1227
6036,159307,40,IncW,C,RED,Y,Y,1885
6036,159307,41,IncW,C,GREEN,B,B,1373
6036,159307,42,IncW,C,RED,G,G,1172
6036,159307,43,IncW,C,BLUE,Y,Y,910
6036,159307,44,IncW,C,YELLOW,B,B,1028
6036,159307,45,IncW,C,BLUE,Y,Y,996
6036,159307,46,ConW,C,RED,R,R,753
6036,159307,47,ConW,C,GREEN,G,G,595
6036,159307,48,ConW,C,RED,R,R,586
6036,159307,49,ConW,C,GREEN,G,G,546
6036,159307,50,ConW,C,BLUE,B,B,682
6036,159307,51,ConW,C,GREEN,G,G,767
6036,159307,52,ConW,C,RED,R,R,624
6036,159307,53,ConW,C,YELLOW,Y,Y,686
6036,159307,54,ConW,C,GREEN,G,G,700
6036,159307,55,ConW,C,RED,R,R,656
6036,159307,56,ConW,C,GREEN,G,G,688
6036,159307,57,ConW,C,YELLOW,Y,Y,746
6036,159307,58,ConW,C,RED,R,R,678
6036,159307,59,ConW,C,YELLOW,Y,Y,762
6036,159307,60,ConW,C,BLUE,B,B,758
6036,159307,61,ConW,C,YELLOW,Y,Y,946
6036,159307,62,ConW,C,RED,R,R,707
6036,159307,63,ConW,C,BLUE,B,B,959
6036,159307,64,ConW,C,GREEN,G,G,674
6036,159307,65,ConW,C,BLUE,B,B,763
6036,159307,66,ConW,C,RED,R,R,608
6036,159307,67,ConW,C,YELLOW,Y,Y,728
6036,159307,68,ConW,C,BLUE,B,B,734
6036,159307,69,ConW,C,GREEN,G,G,675
6036,159307,70,ConW,C,YELLOW,Y,Y,744
6036,159307,71,ConW,C,RED,R,R,631
6036,159307,72,ConW,C,YELLOW,Y,Y,862
6036,159307,73,ConW,C,RED,R,R,586
6036,159307,74,ConW,C,GREEN,G,G,949
6036,159307,75,ConW,C,BLUE,B,B,583
6036,159307,76,ConW,C,YELLOW,Y,Y,802
6036,159307,77,ConW,C,GREEN,G,G,790
6036,159307,78,ConW,C,YELLOW,Y,Y,957
6036,159307,79,ConW,C,RED,R,R,557
6036,159307,80,ConW,C,GREEN,G,G,613
6036,159307,81,ConW,C,YELLOW,Y,Y,589
6036,159307,82,ConW,C,BLUE,B,B,629
6036,159307,83,ConW,C,GREEN,G,G,613
6036,159307,84,ConW,C,YELLOW,Y,Y,773
6036,159307,85,ConW,C,RED,R,R,532
6036,159307,86,ConW,C,YELLOW,Y,Y,726
6036,159307,87,ConW,C,RED,R,R,535
6036,159307,88,ConW,C,BLUE,B,B,749
6036,159307,89,ConW,C,RED,R,R,694
6036,159307,90,ConW,C,GREEN,G,G,591
6036,159308,1,ConW,C,GREEN,G,G,1743
6036,159308,2,ConW,C,BLUE,B,B,2220
6036,159308,3,ConW,C,RED,R,R,2157
6036,159308,4,ConW,C,GREEN,G,G,1052
6036,159308,5,ConW,C,YELLOW,Y,Y,1390
6036,159308,6,ConW,C,RED,R,R,1511
6036,159308,7,ConW,C,YELLOW,Y,Y,1212
6036,159308,8,ConW,C,BLUE,B,B,1102
6036,159308,9,ConW,C,GREEN,G,G,1237
6036,159308,10,ConW,C,YELLOW,Y,Y,1494
6036,159308,11,ConW,C,BLUE,B,B,1108
6036,159308,12,ConW,C,YELLOW,Y,Y,1166
6036,159308,13,ConW,C,BLUE,B,B,1029
6036,159308,14,ConW,C,RED,R,R,1269
6036,159308,15,ConW,C,YELLOW,Y,Y,1270
6036,159308,16,ConW,C,BLUE,B,B,1111
6036,159308,17,ConW,C,RED,R,R,1486
6036,159308,18,ConW,C,YELLOW,Y,Y,1246
6036,159308,19,ConW,C,GREEN,G,G,1223
6036,159308,20,ConW,C,YELLOW,Y,Y,1316
6036,159308,21,ConW,C,RED,R,R,1262
6036,159308,22,ConW,C,YELLOW,Y,Y,1825
6036,159308,23,ConW,C,GREEN,G,G,1134
6036,159308,24,ConW,C,YELLOW,Y,Y,1494
6036,159308,25,ConW,C,GREEN,G,G,1118
6036,159308,26,ConW,C,RED,R,R,1342
6036,159308,27,ConW,C,YELLOW,Y,Y,1414
6036,159308,28,ConW,C,GREEN,G,G,1199
6036,159308,29,ConW,C,RED,R,R,1422
6036,159308,30,ConW,C,YELLOW,Y,Y,1558
6036,159308,31,ConW,C,GREEN,G,G,1150
6036,159308,32,ConW,C,RED,R,R,1222
6036,159308,33,ConW,C,BLUE,B,B,1342
6036,159308,34,ConW,C,YELLOW,Y,Y,1249
6036,159308,35,ConW,C,GREEN,G,G,1142
6036,159308,36,ConW,C,RED,R,R,1166
6036,159308,37,ConW,C,GREEN,G,G,1376
6036,159308,38,ConW,C,YELLOW,Y,Y,1624
6036,159308,39,ConW,C,RED,R,R,1320
6036,159308,40,ConW,C,YELLOW,Y,Y,1004
6036,159308,41,ConW,C,GREEN,G,G,1076
6036,159308,42,ConW,C,YELLOW,Y,Y,1351
6036,159308,43,ConW,C,RED,R,R,1110
6036,159308,44,ConW,C,YELLOW,Y,Y,1030
6036,159308,45,ConW,C,RED,R,R,1269
6036,159308,46,IncW,C,GREEN,B,B,1109
6036,159308,47,IncW,C,YELLOW,R,R,1032
6036,159308,48,IncW,C,GREEN,B,B,2857
6036,159308,49,IncW,C,YELLOW,R,R,1217
6036,159308,50,IncW,C,BLUE,G,G,1295
6036,159308,51,IncW,C,RED,B,B,1152
6036,159308,52,IncW,C,BLUE,Y,Y,592
6036,159308,53,IncW,C,YELLOW,R,R,656
6036,159308,54,IncW,C,BLUE,Y,Y,1305
6036,159308,55,IncW,C,GREEN,R,R,856
6036,159308,56,IncW,C,RED,Y,Y,680
6036,159308,57,IncW,C,YELLOW,G,G,1601
6036,159308,58,IncW,C,BLUE,Y,Y,1553
6036,159308,59,IncW,C,YELLOW,B,B,1169
6036,159308,60,IncW,C,GREEN,R,G,1192
6036,159308,61,IncW,C,YELLOW,G,Y,2032
6036,159308,62,IncW,C,GREEN,Y,Y,2008
6036,159308,63,IncW,C,YELLOW,B,B,1680
6036,159308,64,IncW,C,GREEN,Y,Y,1488
6036,159308,65,IncW,C,BLUE,G,G,1514
6036,159308,66,IncW,C,YELLOW,B,B,1071
6036,159308,67,IncW,C,GREEN,R,R,936
6036,159308,68,IncW,C,BLUE,G,G,1192
6036,159308,69,IncW,C,GREEN,B,B,911
6036,159308,70,IncW,C,RED,Y,Y,872
6036,159308,71,IncW,C,YELLOW,R,R,535
6036,159308,72,IncW,C,GREEN,Y,Y,1055
6036,159308,73,IncW,C,RED,B,B,808
6036,159308,74,IncW,C,YELLOW,G,G,880
6036,159308,75,IncW,C,BLUE,R,R,1128
6036,159308,76,IncW,C,GREEN,B,B,1016
6036,159308,77,IncW,C,RED,G,G,1913
6036,159308,78,IncW,C,BLUE,Y,Y,1200
6036,159308,79,IncW,C,GREEN,B,B,1569
6036,159308,80,IncW,C,BLUE,G,G,1479
6036,159308,81,IncW,C,GREEN,R,R,1777
6036,159308,82,IncW,C,YELLOW,G,G,1736
6036,159308,83,IncW,C,BLUE,Y,Y,711
6036,159308,84,IncW,C,YELLOW,G,G,729
6036,159308,85,IncW,C,RED,Y,Y,599
6036,159308,86,IncW,C,YELLOW,B,B,704
6036,159308,87,IncW,C,GREEN,Y,Y,728
6036,159308,88,IncW,C,BLUE,R,R,648
6036,159308,89,IncW,C,RED,G,G,855
6036,159308,90,IncW,C,YELLOW,B,B,615
6036,159310,1,IncW,C,YELLOW,G,G,2938
6036,159310,2,IncW,C,BLUE,Y,Y,2359
6036,159310,3,IncW,C,GREEN,R,R,2047
6036,159310,4,IncW,C,RED,Y,Y,3125
6036,159310,5,IncW,C,BLUE,R,R,1578
6036,159310,6,IncW,C,GREEN,B,B,2016
6036,159310,7,IncW,C,BLUE,G,G,1281
6036,159310,8,IncW,C,GREEN,B,B,1172
6036,159310,9,IncW,C,BLUE,G,G,1203
6036,159310,10,IncW,C,RED,Y,Y,1734
6036,159310,11,IncW,C,GREEN,B,B,1328
6036,159310,12,IncW,C,YELLOW,G,B,782
6036,159310,13,IncW,C,BLUE,R,R,2562
6036,159310,14,IncW,C,YELLOW,B,B,1656
6036,159310,15,IncW,C,RED,G,G,1360
6036,159310,16,IncW,C,GREEN,B,B,1437
6036,159310,17,IncW,C,YELLOW,R,R,1906
6036,159310,18,IncW,C,BLUE,G,G,1250
6036,159310,19,IncW,C,GREEN,R,R,1422
6036,159310,20,IncW,C,YELLOW,B,B,1453
6036,159310,21,ConW,C,RED,R,R,1859
6036,159310,22,ConW,C,BLUE,B,B,1625
6036,159310,23,ConW,C,RED,R,R,1468
6036,159310,24,ConW,C,GREEN,G,G,1297
6036,159310,25,ConW,C,YELLOW,Y,Y,1953
6036,159310,26,ConW,C,GREEN,G,G,1438
6036,159310,27,ConW,C,BLUE,B,B,1312
6036,159310,28,ConW,C,GREEN,G,G,1250
6036,159310,29,ConW,C,RED,R,R,1391
6036,159310,30,ConW,C,YELLOW,Y,Y,1594
6036,159310,31,ConW,C,RED,R,R,1719
6036,159310,32,ConW,C,BLUE,B,B,1328
6036,159310,33,ConW,C,GREEN,G,G,1110
6036,159310,34,ConW,C,RED,R,R,1453
6036,159310,35,ConW,C,GREEN,G,G,1250
6036,159310,36,ConW,C,BLUE,B,B,1484
6036,159310,37,ConW,C,GREEN,G,G,1188
6036,159310,38,ConW,C,YELLOW,Y,G,562
6036,159310,39,ConW,C,BLUE,B,B,2485
6036,159310,40,ConW,C,YELLOW,Y,Y,1859
6036,159328,1,IncW,C,BLUE,Y,Y,6365
6036,159328,2,IncW,C,YELLOW,G,G,1778
6036,159328,3,IncW,C,RED,B,R,1826
6036,159328,4,IncW,C,GREEN,Y,Y,3307
6036,159328,5,IncW,C,BLUE,G,G,2168
6036,159328,6,IncW,C,RED,B,B,1950
6036,159328,7,IncW,C,YELLOW,G,G,2761
6036,159328,8,IncW,C,GREEN,R,R,2918
6036,159328,9,IncW,C,BLUE,Y,Y,2277
6036,159328,10,IncW,C,GREEN,B,B,2075
6036,159328,11,IncW,C,BLUE,G,G,1451
6036,159328,12,IncW,C,GREEN,B,B,1357
6036,159328,13,IncW,C,YELLOW,G,G,1342
6036,159328,14,IncW,C,RED,Y,Y,1794
6036,159328,15,IncW,C,BLUE,R,R,1482
6036,159328,16,IncW,C,RED,B,B,1513
6036,159328,17,IncW,C,BLUE,Y,Y,1685
6036,159328,18,IncW,C,RED,G,G,1373
6036,159328,19,IncW,C,YELLOW,R,R,1779
6036,159328,20,IncW,C,RED,B,B,1809
6036,159328,21,IncW,C,BLUE,Y,Y,1794
6036,159328,22,IncW,C,GREEN,R,R,1685
6036,159328,23,IncW,C,BLUE,Y,Y,2402
6036,159328,24,IncW,C,YELLOW,G,G,1342
6036,159328,25,IncW,C,BLUE,Y,Y,1872
6036,159328,26,IncW,C,RED,B,R,2090
6036,159328,27,IncW,C,GREEN,R,R,3323
6036,159328,28,IncW,C,BLUE,G,G,1451
6036,159328,29,IncW,C,GREEN,R,R,1326
6036,159328,30,IncW,C,YELLOW,G,G,1092
6036,159328,31,IncW,C,GREEN,Y,Y,1404
6036,159328,32,IncW,C,RED,G,G,2418
6036,159328,33,IncW,C,GREEN,B,B,1264
6036,159328,34,IncW,C,YELLOW,R,R,1388
6036,159328,35,IncW,C,RED,G,G,1232
6036,159328,36,IncW,C,YELLOW,R,R,1155
6036,159328,37,IncW,C,RED,Y,Y,1373
6036,159328,38,IncW,C,GREEN,B,B,1357
6036,159328,39,IncW,C,RED,Y,Y,1981
6036,159328,40,IncW,C,GREEN,B,B,1654
6036,159328,41,IncW,C,YELLOW,R,R,2449
6036,159328,42,IncW,C,BLUE,Y,Y,1638
6036,159328,43,IncW,C,GREEN,R,R,1404
6036,159328,44,IncW,C,BLUE,G,G,1420
6036,159328,45,IncW,C,YELLOW,B,B,1747
6036,159328,46,ConW,C,BLUE,B,B,1732
6036,159328,47,ConW,C,GREEN,G,G,998
6036,159328,48,ConW,C,RED,R,R,936
6036,159328,49,ConW,C,YELLOW,Y,Y,1108
6036,159328,50,ConW,C,BLUE,B,B,1139
6036,159328,51,ConW,C,GREEN,G,G,842
6036,159328,52,ConW,C,BLUE,B,B,983
6036,159328,53,ConW,C,YELLOW,Y,Y,1357
6036,159328,54,ConW,C,BLUE,B,B,998
6036,159328,55,ConW,C,GREEN,G,G,1061
6036,159328,56,ConW,C,YELLOW,Y,Y,1435
6036,159328,57,ConW,C,BLUE,B,B,1342
6036,159328,58,ConW,C,RED,R,R,1544
6036,159328,59,ConW,C,GREEN,G,G,1014
6036,159328,60,ConW,C,BLUE,B,B,952
6036,159328,61,ConW,C,GREEN,G,G,811
6036,159328,62,ConW,C,BLUE,B,B,889
6036,159328,63,ConW,C,RED,R,R,1514
6036,159328,64,ConW,C,YELLOW,Y,Y,1170
6036,159328,65,ConW,C,GREEN,G,G,1404
6036,159328,66,ConW,C,RED,R,R,1981
6036,159328,67,ConW,C,BLUE,B,B,1045
6036,159328,68,ConW,C,GREEN,G,G,967
6036,159328,69,ConW,C,RED,R,R,1248
6036,159328,70,ConW,C,YELLOW,Y,Y,1045
6036,159328,71,ConW,C,RED,R,R,1701
6036,159328,72,ConW,C,YELLOW,Y,Y,2043
6036,159328,73,ConW,C,GREEN,G,G,1077
6036,159328,74,ConW,C,RED,R,R,1201
6036,159328,75,ConW,C,BLUE,B,B,905
6036,159328,76,ConW,C,YELLOW,Y,Y,1217
6036,159328,77,ConW,C,GREEN,G,G,1201
6036,159328,78,ConW,C,RED,R,R,1622
6036,159328,79,ConW,C,BLUE,B,B,1263
6036,159328,80,ConW,C,RED,R,R,1420
6036,159328,81,ConW,C,YELLOW,Y,Y,1451
6036,159328,82,ConW,C,BLUE,B,B,1170
6036,159328,83,ConW,C,RED,R,R,1653
6036,159328,84,ConW,C,BLUE,B,B,1092
6036,159328,85,ConW,C,YELLOW,Y,Y,1202
6036,159328,86,ConW,C,GREEN,G,G,889
6036,159328,87,ConW,C,YELLOW,Y,Y,2231
6036,159328,88,ConW,C,RED,R,R,1965
6036,159328,89,ConW,C,GREEN,G,G,1139
6036,159328,90,ConW,C,YELLOW,Y,Y,1154
6036,159562,1,IncW,C,BLUE,G,G,1157
6036,159562,2,IncW,C,GREEN,B,B,1163
6036,159562,3,IncW,C,RED,Y,Y,1364
6036,159562,4,IncW,C,BLUE,R,R,1372
6036,159562,5,IncW,C,RED,B,B,1364
6036,159562,6,IncW,C,BLUE,G,G,740
6036,159562,7,IncW,C,YELLOW,R,R,1347
6036,159562,8,IncW,C,RED,G,G,972
6036,159562,9,IncW,C,BLUE,Y,Y,860
6036,159562,10,IncW,C,GREEN,R,R,1556
6036,159562,11,IncW,C,RED,B,B,1260
6036,159562,12,IncW,C,YELLOW,R,R,996
6036,159562,13,IncW,C,BLUE,Y,G,787
6036,159562,14,IncW,C,GREEN,R,R,1212
6036,159562,15,IncW,C,YELLOW,B,B,859
6036,159562,16,IncW,C,BLUE,R,R,1164
6036,159562,17,IncW,C,YELLOW,G,G,1179
6036,159562,18,IncW,C,GREEN,B,B,1892
6036,159562,19,IncW,C,BLUE,G,G,1460
6036,159562,20,IncW,C,YELLOW,B,B,1140
6036,159562,21,IncW,C,RED,G,G,740
6036,159562,22,IncW,C,GREEN,B,B,637
6036,159562,23,IncW,C,RED,Y,Y,955
6036,159562,24,IncW,C,YELLOW,R,R,668
6036,159562,25,IncW,C,RED,B,B,1044
6036,159562,26,IncW,C,BLUE,G,G,932
6036,159562,27,IncW,C,YELLOW,R,R,1235
6036,159562,28,IncW,C,GREEN,B,B,1195
6036,159562,29,IncW,C,BLUE,R,R,4083
6036,159562,30,IncW,C,RED,G,G,1059
6036,159562,31,IncW,C,YELLOW,B,B,1083
6036,159562,32,IncW,C,RED,G,G,803
6036,159562,33,IncW,C,BLUE,Y,Y,795
6036,159562,34,IncW,C,YELLOW,R,R,932
6036,159562,35,IncW,C,RED,Y,Y,1627
6036,159562,36,IncW,C,YELLOW,G,G,1220
6036,159562,37,IncW,C,RED,Y,Y,860
6036,159562,38,IncW,C,BLUE,G,G,660
6036,159562,39,IncW,C,YELLOW,B,B,812
6036,159562,40,IncW,C,GREEN,R,R,804
6036,159562,41,IncW,C,BLUE,Y,Y,1084
6036,159562,42,IncW,C,GREEN,B,B,1083
6036,159562,43,IncW,C,BLUE,Y,Y,715
6036,159562,44,IncW,C,RED,G,G,868
6036,159562,45,IncW,C,GREEN,R,R,748
6036,159562,46,ConW,C,RED,R,R,1106
6036,159562,47,ConW,C,BLUE,B,B,732
6036,159562,48,ConW,C,GREEN,G,G,692
6036,159562,49,ConW,C,YELLOW,Y,Y,596
6036,159562,50,ConW,C,BLUE,B,B,716
6036,159562,51,ConW,C,YELLOW,Y,Y,820
6036,159562,52,ConW,C,BLUE,B,B,852
6036,159562,53,ConW,C,GREEN,G,G,684
6036,159562,54,ConW,C,RED,R,R,780
6036,159562,55,ConW,C,GREEN,G,G,812
6036,159562,56,ConW,C,YELLOW,Y,Y,612
6036,159562,57,ConW,C,RED,R,R,644
6036,159562,58,ConW,C,GREEN,G,G,532
6036,159562,59,ConW,C,RED,R,Y,556
6036,159562,60,ConW,C,YELLOW,Y,Y,1476
6036,159562,61,ConW,C,RED,R,R,860
6036,159562,62,ConW,C,YELLOW,Y,Y,596
6036,159562,63,ConW,C,RED,R,R,716
6036,159562,64,ConW,C,GREEN,G,G,1100
6036,159562,65,ConW,C,BLUE,B,B,540
6036,159562,66,ConW,C,RED,R,R,1052
6036,159562,67,ConW,C,YELLOW,Y,Y,540
6036,159562,68,ConW,C,RED,R,R,644
6036,159562,69,ConW,C,BLUE,B,B,1452
6036,159562,70,ConW,C,GREEN,G,G,804
6036,159562,71,ConW,C,YELLOW,Y,Y,660
6036,159562,72,ConW,C,BLUE,B,B,932
6036,159562,73,ConW,C,GREEN,G,G,660
6036,159562,74,ConW,C,YELLOW,Y,Y,588
6036,159562,75,ConW,C,RED,R,R,676
6036,159562,76,ConW,C,YELLOW,Y,Y,684
6036,159562,77,ConW,C,BLUE,B,B,772
6036,159562,78,ConW,C,GREEN,G,G,524
6036,159562,79,ConW,C,YELLOW,Y,Y,556
6036,159562,80,ConW,C,RED,R,R,612
6036,159562,81,ConW,C,YELLOW,Y,Y,620
6036,159562,82,ConW,C,RED,R,R,660
6036,159562,83,ConW,C,BLUE,B,B,1116
6036,159562,84,ConW,C,RED,R,R,676
6036,159562,85,ConW,C,BLUE,B,B,596
6036,159562,86,ConW,C,RED,R,R,612
6036,159562,87,ConW,C,YELLOW,Y,Y,596
6036,159562,88,ConW,C,RED,R,R,700
6036,159562,89,ConW,C,YELLOW,Y,Y,548
6036,159562,90,ConW,C,GREEN,G,G,660
6036,159564,1,IncW,C,GREEN,B,B,3392
6036,159564,2,IncW,C,RED,Y,Y,2319
6036,159564,3,IncW,C,YELLOW,B,B,1884
6036,159564,4,IncW,C,GREEN,Y,Y,1728
6036,159564,5,IncW,C,RED,B,B,1920
6036,159564,6,IncW,C,BLUE,Y,Y,1510
6036,159564,7,IncW,C,YELLOW,G,G,2008
6036,159564,8,IncW,C,RED,B,B,1623
6036,159564,9,IncW,C,BLUE,R,R,1648
6036,159564,10,IncW,C,YELLOW,B,B,1703
6036,159564,11,IncW,C,GREEN,R,R,2367
6036,159564,12,IncW,C,RED,Y,Y,1775
6036,159564,13,IncW,C,YELLOW,R,R,2392
6036,159564,14,IncW,C,RED,Y,Y,1840
6036,159564,15,IncW,C,YELLOW,G,G,1696
6036,159564,16,IncW,C,BLUE,Y,Y,2064
6036,159564,17,IncW,C,GREEN,R,R,1647
6036,159564,18,IncW,C,YELLOW,B,B,1816
6036,159564,19,IncW,C,GREEN,Y,Y,1695
6036,159564,20,IncW,C,RED,B,B,1735
6036,159564,21,IncW,C,BLUE,G,G,1480
6036,159564,22,IncW,C,GREEN,R,R,1399
6036,159564,23,IncW,C,RED,Y,Y,1544
6036,159564,24,IncW,C,GREEN,B,B,1287
6036,159564,25,IncW,C,YELLOW,R,R,2072
6036,159564,26,IncW,C,RED,B,B,3032
6036,159564,27,IncW,C,BLUE,Y,Y,1888
6036,159564,28,IncW,C,GREEN,R,R,1535
6036,159564,29,IncW,C,RED,B,B,1479
6036,159564,30,IncW,C,GREEN,Y,Y,1799
6036,159564,31,IncW,C,RED,B,B,1976
6036,159564,32,IncW,C,YELLOW,R,R,1392
6036,159564,33,IncW,C,GREEN,B,B,1400
6036,159564,34,IncW,C,RED,G,G,1624
6036,159564,35,IncW,C,YELLOW,B,B,1376
6036,159564,36,IncW,C,BLUE,R,R,1664
6036,159564,37,IncW,C,RED,G,G,1944
6036,159564,38,IncW,C,BLUE,Y,Y,1456
6036,159564,39,IncW,C,GREEN,R,R,2423
6036,159564,40,IncW,C,RED,Y,Y,1695
6036,159564,41,IncW,C,BLUE,R,R,2431
6036,159564,42,IncW,C,YELLOW,B,B,1375
6036,159564,43,IncW,C,GREEN,Y,Y,1880
6036,159564,44,IncW,C,BLUE,G,G,1560
6036,159564,45,IncW,C,RED,B,B,1360
6036,159564,46,ConW,C,YELLOW,Y,Y,1957
6036,159564,47,ConW,C,BLUE,B,B,1280
6036,159564,48,ConW,C,YELLOW,Y,Y,1208
6036,159564,49,ConW,C,GREEN,G,G,1567
6036,159564,50,ConW,C,RED,R,R,1671
6036,159564,51,ConW,C,BLUE,B,B,1247
6036,159564,52,ConW,C,GREEN,G,G,1495
6036,159564,53,ConW,C,RED,R,R,2088
6036,159564,54,ConW,C,GREEN,G,G,2096
6036,159564,55,ConW,C,BLUE,B,B,1072
6036,159564,56,ConW,C,RED,R,R,1640
6036,159564,57,ConW,C,GREEN,G,G,1336
6036,159564,58,ConW,C,YELLOW,Y,Y,1448
6036,159564,59,ConW,C,RED,R,R,1703
6036,159564,60,ConW,C,GREEN,G,G,1343
6036,159564,61,ConW,C,YELLOW,Y,Y,1623
6036,159564,62,ConW,C,RED,R,R,2111
6036,159564,63,ConW,C,YELLOW,Y,Y,1647
6036,159564,64,ConW,C,GREEN,G,G,1471
6036,159564,65,ConW,C,YELLOW,Y,Y,1928
6036,159564,66,ConW,C,BLUE,B,B,1456
6036,159564,67,ConW,C,YELLOW,Y,Y,1440
6036,159564,68,ConW,C,RED,R,R,1696
6036,159564,69,ConW,C,GREEN,G,G,1320
6036,159564,70,ConW,C,RED,R,R,1375
6036,159564,71,ConW,C,BLUE,B,B,1687
6036,159564,72,ConW,C,GREEN,G,G,1415
6036,159564,73,ConW,C,YELLOW,Y,Y,1791
6036,159564,74,ConW,C,RED,R,R,1503
6036,159564,75,ConW,C,GREEN,G,G,1367
6036,159564,76,ConW,C,YELLOW,Y,Y,1976
6036,159564,77,ConW,C,GREEN,G,G,1520
6036,159564,78,ConW,C,RED,R,R,1400
6036,159564,79,ConW,C,GREEN,G,G,1360
6036,159564,80,ConW,C,YELLOW,Y,Y,1448
6036,159564,81,ConW,C,RED,R,R,1952
6036,159564,82,ConW,C,BLUE,B,B,1871
6036,159564,83,ConW,C,GREEN,G,G,1703
6036,159564,84,ConW,C,BLUE,B,B,1471
6036,159564,85,ConW,C,YELLOW,Y,Y,1263
6036,159564,86,ConW,C,GREEN,G,G,1256
6036,159564,87,ConW,C,YELLOW,Y,Y,2040
6036,159564,88,ConW,C,GREEN,G,G,1368
6036,159564,89,ConW,C,YELLOW,Y,Y,1264
6036,159564,90,ConW,C,RED,R,R,1216
6036,159565,1,IncW,C,YELLOW,G,G,2210
6036,159565,2,IncW,C,RED,Y,R,1471
6036,159565,3,IncW,C,BLUE,G,G,2054
6036,159565,4,IncW,C,GREEN,R,R,1077
6036,159565,5,IncW,C,RED,Y,Y,1353
6036,159565,6,IncW,C,YELLOW,B,B,1089
6036,159565,7,IncW,C,GREEN,Y,Y,938
6036,159565,8,IncW,C,BLUE,R,R,933
6036,159565,9,IncW,C,GREEN,B,B,1470
6036,159565,10,IncW,C,YELLOW,R,R,963
6036,159565,11,IncW,C,BLUE,Y,Y,1864
6036,159565,12,IncW,C,GREEN,B,B,1077
6036,159565,13,IncW,C,BLUE,G,G,985
6036,159565,14,IncW,C,RED,B,B,809
6036,159565,15,IncW,C,YELLOW,G,G,1136
6036,159565,16,IncW,C,GREEN,Y,Y,808
6036,159565,17,IncW,C,YELLOW,G,G,885
6036,159565,18,IncW,C,RED,B,B,1113
6036,159565,19,IncW,C,BLUE,R,R,806
6036,159565,20,IncW,C,GREEN,B,B,1292
6036,159565,21,IncW,C,YELLOW,R,R,1599
6036,159565,22,IncW,C,BLUE,G,G,761
6036,159565,23,IncW,C,YELLOW,B,B,922
6036,159565,24,IncW,C,RED,G,G,1650
6036,159565,25,IncW,C,YELLOW,R,R,1071
6036,159565,26,IncW,C,RED,Y,Y,703
6036,159565,27,IncW,C,GREEN,R,R,915
6036,159565,28,IncW,C,YELLOW,G,G,1523
6036,159565,29,IncW,C,BLUE,Y,B,903
6036,159565,30,IncW,C,RED,B,B,4427
6036,159565,31,IncW,C,YELLOW,R,R,1041
6036,159565,32,IncW,C,GREEN,Y,Y,1642
6036,159565,33,IncW,C,BLUE,G,G,914
6036,159565,34,IncW,C,RED,Y,Y,816
6036,159565,35,IncW,C,BLUE,G,G,871
6036,159565,36,IncW,C,GREEN,Y,Y,746
6036,159565,37,IncW,C,RED,B,B,1346
6036,159565,38,IncW,C,BLUE,Y,Y,980
6036,159565,39,IncW,C,RED,G,G,1101
6036,159565,40,IncW,C,GREEN,B,B,947
6036,159565,41,IncW,C,YELLOW,R,R,748
6036,159565,42,IncW,C,BLUE,Y,Y,1402
6036,159565,43,IncW,C,GREEN,B,B,1251
6036,159565,44,IncW,C,RED,Y,Y,880
6036,159565,45,IncW,C,BLUE,G,G,774
6036,159565,46,ConW,C,GREEN,G,G,1553
6036,159565,47,ConW,C,RED,R,R,880
6036,159565,48,ConW,C,BLUE,B,B,1107
6036,159565,49,ConW,C,YELLOW,Y,Y,811
6036,159565,50,ConW,C,GREEN,G,G,1043
6036,159565,51,ConW,C,YELLOW,Y,Y,873
6036,159565,52,ConW,C,BLUE,B,B,1045
6036,159565,53,ConW,C,GREEN,G,G,741
6036,159565,54,ConW,C,BLUE,B,B,706
6036,159565,55,ConW,C,GREEN,G,G,581
6036,159565,56,ConW,C,RED,R,R,704
6036,159565,57,ConW,C,GREEN,G,G,1151
6036,159565,58,ConW,C,YELLOW,Y,Y,716
6036,159565,59,ConW,C,GREEN,G,G,562
6036,159565,60,ConW,C,YELLOW,Y,Y,686
6036,159565,61,ConW,C,BLUE,B,B,706
6036,159565,62,ConW,C,RED,R,R,899
6036,159565,63,ConW,C,BLUE,B,B,1411
6036,159565,64,ConW,C,YELLOW,Y,Y,795
6036,159565,65,ConW,C,BLUE,B,B,1015
6036,159565,66,ConW,C,YELLOW,Y,Y,825
6036,159565,67,ConW,C,GREEN,G,G,708
6036,159565,68,ConW,C,RED,R,R,695
6036,159565,69,ConW,C,GREEN,G,G,933
6036,159565,70,ConW,C,YELLOW,Y,Y,590
6036,159565,71,ConW,C,GREEN,G,G,1908
6036,159565,72,ConW,C,YELLOW,Y,Y,679
6036,159565,73,ConW,C,GREEN,G,G,730
6036,159565,74,ConW,C,YELLOW,Y,Y,694
6036,159565,75,ConW,C,BLUE,B,B,721
6036,159565,76,ConW,C,RED,R,R,673
6036,159565,77,ConW,C,BLUE,B,B,753
6036,159565,78,ConW,C,GREEN,G,G,608
6036,159565,79,ConW,C,YELLOW,Y,Y,507
6036,159565,80,ConW,C,GREEN,G,G,572
6036,159565,81,ConW,C,YELLOW,Y,Y,530
6036,159565,82,ConW,C,GREEN,G,G,699
6036,159565,83,ConW,C,BLUE,B,B,748
6036,159565,84,ConW,C,RED,R,R,620
6036,159565,85,ConW,C,BLUE,B,B,713
6036,159565,86,ConW,C,GREEN,G,G,672
6036,159565,87,ConW,C,RED,R,Y,535
6036,159565,88,ConW,C,GREEN,G,G,1186
6036,159565,89,ConW,C,YELLOW,Y,R,781
6036,159565,90,ConW,C,BLUE,B,Y,121
6036,159567,1,IncW,C,GREEN,B,B,2714
6036,159567,2,IncW,C,RED,Y,Y,1759
6036,159567,3,IncW,C,BLUE,G,G,1486
6036,159567,4,IncW,C,YELLOW,R,R,1653
6036,159567,5,IncW,C,RED,B,B,1967
6036,159567,6,IncW,C,GREEN,R,R,1391
6036,159567,7,IncW,C,RED,Y,Y,1832
6036,159567,8,IncW,C,GREEN,B,B,2088
6036,159567,9,IncW,C,YELLOW,R,R,1270
6036,159567,10,IncW,C,BLUE,Y,Y,1654
6036,159567,11,IncW,C,GREEN,R,R,1472
6036,159567,12,IncW,C,YELLOW,G,G,1294
6036,159567,13,IncW,C,RED,B,B,1413
6036,159567,14,IncW,C,YELLOW,G,G,1365
6036,159567,15,IncW,C,BLUE,Y,Y,4307
6036,159567,16,IncW,C,YELLOW,B,B,1435
6036,159567,17,IncW,C,RED,G,Y,1598
6036,159567,18,IncW,C,GREEN,Y,Y,1570
6036,159567,19,IncW,C,RED,G,G,1398
6036,159567,20,IncW,C,YELLOW,B,B,956
6036,159567,21,IncW,C,RED,Y,Y,1556
6036,159567,22,IncW,C,BLUE,G,G,1562
6036,159567,23,IncW,C,YELLOW,B,B,980
6036,159567,24,IncW,C,RED,G,G,1140
6036,159567,25,IncW,C,BLUE,Y,Y,1300
6036,159567,26,IncW,C,YELLOW,G,G,1099
6036,159567,27,IncW,C,RED,Y,Y,3151
6036,159567,28,IncW,C,YELLOW,B,B,1157
6036,159567,29,IncW,C,BLUE,Y,Y,1299
6036,159567,30,IncW,C,RED,G,G,1245
6036,159567,31,IncW,C,YELLOW,B,B,1993
6036,159567,32,IncW,C,RED,G,G,1443
6036,159567,33,IncW,C,GREEN,Y,Y,1532
6036,159567,34,IncW,C,RED,B,B,1212
6036,159567,35,IncW,C,YELLOW,G,G,1499
6036,159567,36,IncW,C,BLUE,Y,Y,1116
6036,159567,37,IncW,C,GREEN,R,R,1308
6036,159567,38,IncW,C,RED,B,B,933
6036,159567,39,IncW,C,YELLOW,G,G,1409
6036,159567,40,IncW,C,RED,B,B,1325
6036,159567,41,IncW,C,YELLOW,R,R,1123
6036,159567,42,IncW,C,RED,G,G,1043
6036,159567,43,IncW,C,BLUE,R,R,1228
6036,159567,44,IncW,C,RED,G,G,1021
6036,159567,45,IncW,C,GREEN,Y,Y,1812
6036,159567,46,ConW,C,RED,R,R,1436
6036,159567,47,ConW,C,GREEN,G,G,1144
6036,159567,48,ConW,C,BLUE,B,B,1341
6036,159567,49,ConW,C,GREEN,G,G,3387
6036,159567,50,ConW,C,RED,R,R,1416
6036,159567,51,ConW,C,GREEN,G,G,1151
6036,159567,52,ConW,C,BLUE,B,B,1080
6036,159567,53,ConW,C,RED,R,R,1184
6036,159567,54,ConW,C,GREEN,G,G,943
6036,159567,55,ConW,C,RED,R,R,1072
6036,159567,56,ConW,C,YELLOW,Y,Y,1400
6036,159567,57,ConW,C,GREEN,G,G,1519
6036,159567,58,ConW,C,YELLOW,Y,Y,1447
6036,159567,59,ConW,C,RED,R,R,1465
6036,159567,60,ConW,C,BLUE,B,B,1119
6036,159567,61,ConW,C,GREEN,G,G,977
6036,159567,62,ConW,C,RED,R,R,1754
6036,159567,63,ConW,C,BLUE,B,B,1170
6036,159567,64,ConW,C,YELLOW,Y,Y,1400
6036,159567,65,ConW,C,GREEN,G,G,1412
6036,159567,66,ConW,C,BLUE,B,B,802
6036,159567,67,ConW,C,GREEN,G,G,1922
6036,159567,68,ConW,C,BLUE,B,B,959
6036,159567,69,ConW,C,GREEN,G,G,1001
6036,159567,70,ConW,C,BLUE,B,B,743
6036,159567,71,ConW,C,YELLOW,Y,Y,1209
6036,159567,72,ConW,C,GREEN,G,G,1041
6036,159567,73,ConW,C,RED,R,R,1228
6036,159567,74,ConW,C,YELLOW,Y,Y,2208
6036,159567,75,ConW,C,RED,R,R,5520
6036,159567,76,ConW,C,YELLOW,Y,Y,5855
6036,159567,77,ConW,C,RED,R,R,1360
6036,159567,78,ConW,C,BLUE,B,B,1719
6036,159567,79,ConW,C,GREEN,G,G,1439
6036,159567,80,ConW,C,BLUE,B,B,1119
6036,159567,81,ConW,C,RED,R,R,1007
6036,159567,82,ConW,C,YELLOW,Y,Y,1663
6036,159567,83,ConW,C,GREEN,G,G,1872
6036,159567,84,ConW,C,RED,R,R,1781
6036,159567,85,ConW,C,YELLOW,Y,Y,1606
6036,159567,86,ConW,C,GREEN,G,G,1224
6036,159567,87,ConW,C,RED,R,R,1277
6036,159567,88,ConW,C,BLUE,B,B,916
6036,159567,89,ConW,C,GREEN,G,G,997
6036,159567,90,ConW,C,RED,R,R,767
6036,159570,1,IncW,C,YELLOW,G,G,3149
6036,159570,2,IncW,C,BLUE,R,R,1766
6036,159570,3,IncW,C,GREEN,B,B,1974
6036,159570,4,IncW,C,YELLOW,G,G,1496
6036,159570,5,IncW,C,RED,Y,Y,1567
6036,159570,6,IncW,C,YELLOW,G,G,2288
6036,159570,7,IncW,C,RED,B,B,2464
6036,159570,8,IncW,C,BLUE,R,R,2784
6036,159570,9,IncW,C,YELLOW,B,B,2183
6036,159570,10,IncW,C,RED,G,G,1287
6036,159570,11,IncW,C,BLUE,Y,Y,1439
6036,159570,12,IncW,C,GREEN,B,B,2575
6036,159570,13,IncW,C,YELLOW,R,R,2376
6036,159570,14,IncW,C,GREEN,B,B,1736
6036,159570,15,IncW,C,RED,G,G,1208
6036,159570,16,IncW,C,YELLOW,B,B,1928
6036,159570,17,IncW,C,GREEN,Y,Y,1224
6036,159570,18,IncW,C,YELLOW,R,R,2055
6036,159570,19,IncW,C,BLUE,G,G,2167
6036,159570,20,IncW,C,GREEN,Y,Y,1399
6036,159570,21,IncW,C,RED,B,B,1695
6036,159570,22,IncW,C,BLUE,Y,Y,1664
6036,159570,23,IncW,C,GREEN,B,B,3216
6036,159570,24,IncW,C,BLUE,G,G,2152
6036,159570,25,IncW,C,GREEN,R,R,1608
6036,159570,26,IncW,C,YELLOW,B,B,1848
6036,159570,27,IncW,C,BLUE,R,R,1903
6036,159570,28,IncW,C,RED,Y,Y,1415
6036,159570,29,IncW,C,YELLOW,G,G,2671
6036,159570,30,IncW,C,RED,Y,Y,1648
6036,159570,31,IncW,C,BLUE,R,R,2048
6036,159570,32,IncW,C,YELLOW,G,G,2040
6036,159570,33,IncW,C,RED,Y,Y,2104
6036,159570,34,IncW,C,YELLOW,G,G,1464
6036,159570,35,IncW,C,GREEN,R,R,1432
6036,159570,36,IncW,C,RED,B,B,1480
6036,159570,37,IncW,C,GREEN,R,R,2575
6036,159570,38,IncW,C,BLUE,G,G,1455
6036,159570,39,IncW,C,GREEN,B,B,2095
6036,159570,40,IncW,C,RED,G,G,2200
6036,159570,41,IncW,C,YELLOW,B,B,1304
6036,159570,42,IncW,C,GREEN,Y,Y,1280
6036,159570,43,IncW,C,BLUE,R,R,1856
6036,159570,44,IncW,C,RED,B,B,2216
6036,159570,45,IncW,C,YELLOW,G,G,2040
6036,159570,46,ConW,C,RED,R,R,1887
6036,159570,47,ConW,C,YELLOW,Y,Y,1608
6036,159570,48,ConW,C,RED,R,R,1600
6036,159570,49,ConW,C,YELLOW,Y,Y,1448
6036,159570,50,ConW,C,GREEN,G,G,1520
6036,159570,51,ConW,C,YELLOW,Y,Y,1208
6036,159570,52,ConW,C,RED,R,R,1488
6036,159570,53,ConW,C,GREEN,G,G,1336
6036,159570,54,ConW,C,YELLOW,Y,Y,1312
6036,159570,55,ConW,C,RED,R,R,1319
6036,159570,56,ConW,C,GREEN,G,G,1247
6036,159570,57,ConW,C,YELLOW,Y,Y,1319
6036,159570,58,ConW,C,RED,R,R,1319
6036,159570,59,ConW,C,YELLOW,Y,Y,1592
6036,159570,60,ConW,C,RED,R,R,1552
6036,159570,61,ConW,C,BLUE,B,B,1224
6036,159570,62,ConW,C,RED,R,G,1600
6036,159570,63,ConW,C,BLUE,B,B,4264
6036,159570,64,ConW,C,RED,R,R,1360
6036,159570,65,ConW,C,YELLOW,Y,Y,1247
6036,159570,66,ConW,C,GREEN,G,G,1551
6036,159570,67,ConW,C,RED,R,R,1375
6036,159570,68,ConW,C,YELLOW,Y,Y,1671
6036,159570,69,ConW,C,GREEN,G,G,1240
6036,159570,70,ConW,C,RED,R,R,1088
6036,159570,71,ConW,C,YELLOW,Y,Y,1464
6036,159570,72,ConW,C,RED,R,R,1440
6036,159570,73,ConW,C,YELLOW,Y,Y,1240
6036,159570,74,ConW,C,GREEN,G,G,1352
6036,159570,75,ConW,C,RED,R,R,1096
6036,159570,76,ConW,C,GREEN,G,G,2040
6036,159570,77,ConW,C,RED,R,R,952
6036,159570,78,ConW,C,BLUE,B,B,1207
6036,159570,79,ConW,C,GREEN,G,G,1375
6036,159570,80,ConW,C,BLUE,B,B,1583
6036,159570,81,ConW,C,RED,R,R,2327
6036,159570,82,ConW,C,YELLOW,Y,Y,1560
6036,159570,83,ConW,C,RED,R,R,1840
6036,159570,84,ConW,C,BLUE,B,B,1496
6036,159570,85,ConW,C,GREEN,G,G,1328
6036,159570,86,ConW,C,RED,R,R,1232
6036,159570,87,ConW,C,GREEN,G,G,1768
6036,159570,88,ConW,C,RED,R,R,1736
6036,159570,89,ConW,C,GREEN,G,G,1503
6036,159570,90,ConW,C,RED,R,R,1215
6036,159571,1,IncW,C,YELLOW,B,B,2187
6036,159571,2,IncW,C,RED,Y,Y,2609
6036,159571,3,IncW,C,YELLOW,B,B,1250
6036,159571,4,IncW,C,GREEN,Y,Y,875
6036,159571,5,IncW,C,BLUE,G,G,1797
6036,159571,6,IncW,C,RED,Y,Y,1407
6036,159571,7,IncW,C,BLUE,G,G,1156
6036,159571,8,IncW,C,GREEN,Y,Y,1453
6036,159571,9,IncW,C,RED,B,B,1094
6036,159571,10,IncW,C,BLUE,Y,Y,1328
6036,159571,11,IncW,C,GREEN,B,B,984
6036,159571,12,IncW,C,BLUE,Y,Y,688
6036,159571,13,IncW,C,RED,G,G,1422
6036,159571,14,IncW,C,GREEN,R,R,1203
6036,159571,15,IncW,C,BLUE,G,G,1531
6036,159571,16,IncW,C,RED,B,B,906
6036,159571,17,IncW,C,YELLOW,G,G,1359
6036,159571,18,IncW,C,GREEN,B,B,1110
6036,159571,19,IncW,C,RED,Y,Y,1218
6036,159571,20,IncW,C,YELLOW,R,R,1313
6036,159571,21,IncW,C,RED,B,B,1172
6036,159571,22,IncW,C,BLUE,Y,Y,2031
6036,159571,23,IncW,C,GREEN,R,R,1516
6036,159571,24,IncW,C,YELLOW,G,G,984
6036,159571,25,IncW,C,BLUE,Y,Y,2156
6036,159571,26,IncW,C,YELLOW,G,G,1313
6036,159571,27,IncW,C,BLUE,Y,Y,1125
6036,159571,28,IncW,C,GREEN,B,B,906
6036,159571,29,IncW,C,YELLOW,R,R,1281
6036,159571,30,IncW,C,RED,B,B,1156
6036,159571,31,IncW,C,BLUE,R,R,1188
6036,159571,32,IncW,C,GREEN,B,B,1203
6036,159571,33,IncW,C,RED,Y,Y,1516
6036,159571,34,IncW,C,YELLOW,G,G,1250
6036,159571,35,IncW,C,GREEN,R,R,1297
6036,159571,36,IncW,C,YELLOW,B,B,953
6036,159571,37,IncW,C,RED,G,G,1250
6036,159571,38,IncW,C,BLUE,R,R,1281
6036,159571,39,IncW,C,RED,B,B,1203
6036,159571,40,IncW,C,BLUE,Y,Y,1187
6036,159571,41,IncW,C,YELLOW,G,G,1391
6036,159571,42,IncW,C,RED,Y,Y,1390
6036,159571,43,IncW,C,GREEN,R,R,1110
6036,159571,44,IncW,C,RED,Y,Y,1562
6036,159571,45,IncW,C,YELLOW,R,R,1328
6036,159571,46,ConW,C,BLUE,B,B,1328
6036,159571,47,ConW,C,RED,R,R,1375
6036,159571,48,ConW,C,GREEN,G,G,1062
6036,159571,49,ConW,C,BLUE,B,B,938
6036,159571,50,ConW,C,YELLOW,Y,Y,1015
6036,159571,51,ConW,C,BLUE,B,B,1594
6036,159571,52,ConW,C,YELLOW,Y,Y,1500
6036,159571,53,ConW,C,BLUE,B,B,797
6036,159571,54,ConW,C,RED,R,R,1422
6036,159571,55,ConW,C,BLUE,B,B,1515
6036,159571,56,ConW,C,GREEN,G,Y,1047
6036,159571,57,ConW,C,RED,R,R,1094
6036,159571,58,ConW,C,BLUE,B,B,1204
6036,159571,59,ConW,C,GREEN,G,Y,906
6036,159571,60,ConW,C,RED,R,R,1281
6036,159571,61,ConW,C,GREEN,G,Y,1484
6036,159571,62,ConW,C,RED,R,R,1453
6036,159571,63,ConW,C,BLUE,B,B,1047
6036,159571,64,ConW,C,RED,R,R,1156
6036,159571,65,ConW,C,YELLOW,Y,Y,1266
6036,159571,66,ConW,C,BLUE,B,B,1140
6036,159571,67,ConW,C,RED,R,R,1188
6036,159571,68,ConW,C,YELLOW,Y,Y,1375
6036,159571,69,ConW,C,GREEN,G,G,1125
6036,159571,70,ConW,C,BLUE,B,B,890
6036,159571,71,ConW,C,GREEN,G,G,906
6036,159571,72,ConW,C,YELLOW,Y,Y,1360
6036,159571,73,ConW,C,RED,R,R,1265
6036,159571,74,ConW,C,GREEN,G,G,1641
6036,159571,75,ConW,C,RED,R,R,1406
6036,159571,76,ConW,C,YELLOW,Y,Y,1516
6036,159571,77,ConW,C,BLUE,B,B,937
6036,159571,78,ConW,C,GREEN,G,G,985
6036,159571,79,ConW,C,YELLOW,Y,Y,1219
6036,159571,80,ConW,C,BLUE,B,B,766
6036,159571,81,ConW,C,RED,R,R,1328
6036,159571,82,ConW,C,BLUE,B,B,1078
6036,159571,83,ConW,C,GREEN,G,G,1313
6036,159571,84,ConW,C,RED,R,R,1515
6036,159571,85,ConW,C,GREEN,G,G,1656
6036,159571,86,ConW,C,YELLOW,Y,Y,1329
6036,159571,87,ConW,C,BLUE,B,B,953
6036,159571,88,ConW,C,GREEN,G,G,1437
6036,159571,89,ConW,C,RED,R,R,1219
6036,159571,90,ConW,C,BLUE,B,B,1234
6036,159576,1,IncW,C,YELLOW,G,G,1653
6036,159576,2,IncW,C,BLUE,Y,Y,2106
6036,159576,3,IncW,C,YELLOW,R,R,1653
6036,159576,4,IncW,C,BLUE,Y,Y,1716
6036,159576,5,IncW,C,RED,B,B,1451
6036,159576,6,IncW,C,GREEN,R,R,1872
6036,159576,7,IncW,C,RED,Y,Y,1607
6036,159576,8,IncW,C,BLUE,R,R,1248
6036,159576,9,IncW,C,GREEN,Y,Y,1388
6036,159576,10,IncW,C,BLUE,G,G,1030
6036,159576,11,IncW,C,GREEN,R,R,1155
6036,159576,12,IncW,C,RED,G,G,998
6036,159576,13,IncW,C,YELLOW,R,R,1045
6036,159576,14,IncW,C,RED,G,G,967
6036,159576,15,IncW,C,YELLOW,B,B,1014
6036,159576,16,IncW,C,BLUE,G,G,1061
6036,159576,17,IncW,C,YELLOW,B,B,1045
6036,159576,18,IncW,C,BLUE,Y,Y,1326
6036,159576,19,IncW,C,YELLOW,B,B,1373
6036,159576,20,IncW,C,BLUE,G,G,1029
6036,159576,21,IncW,C,RED,B,R,1202
6036,159576,22,IncW,C,YELLOW,G,G,2230
6036,159576,23,IncW,C,BLUE,R,R,1342
6036,159576,24,IncW,C,YELLOW,G,G,1123
6036,159576,25,IncW,C,GREEN,R,R,1155
6036,159576,26,IncW,C,YELLOW,G,G,1029
6036,159576,27,IncW,C,GREEN,Y,Y,1357
6036,159576,28,IncW,C,BLUE,G,G,1108
6036,159576,29,IncW,C,RED,Y,Y,1576
6036,159576,30,IncW,C,BLUE,G,G,1294
6036,159576,31,IncW,C,RED,B,B,1295
6036,159576,32,IncW,C,YELLOW,G,G,1560
6036,159576,33,IncW,C,RED,Y,Y,1872
6036,159576,34,IncW,C,YELLOW,B,B,1389
6036,159576,35,IncW,C,GREEN,Y,Y,1404
6036,159576,36,IncW,C,YELLOW,R,R,1295
6036,159576,37,IncW,C,GREEN,Y,Y,1435
6036,159576,38,IncW,C,BLUE,G,G,1779
6036,159576,39,IncW,C,YELLOW,B,B,1092
6036,159576,40,IncW,C,RED,Y,Y,1357
6036,159576,41,IncW,C,GREEN,B,B,1358
6036,159576,42,IncW,C,RED,Y,Y,1716
6036,159576,43,IncW,C,YELLOW,B,B,1060
6036,159576,44,IncW,C,GREEN,Y,Y,1014
6036,159576,45,IncW,C,YELLOW,B,B,1732
6036,159576,46,ConW,C,GREEN,G,G,1232
6036,159576,47,ConW,C,RED,R,R,1295
6036,159576,48,ConW,C,BLUE,B,B,1123
6036,159576,49,ConW,C,RED,R,R,1498
6036,159576,50,ConW,C,YELLOW,Y,Y,1170
6036,159576,51,ConW,C,RED,R,R,2106
6036,159576,52,ConW,C,GREEN,G,G,1060
6036,159576,53,ConW,C,YELLOW,Y,Y,1342
6036,159576,54,ConW,C,GREEN,G,G,1076
6036,159576,55,ConW,C,RED,R,R,1186
6036,159576,56,ConW,C,BLUE,B,B,1045
6036,159576,57,ConW,C,RED,R,R,1295
6036,159576,58,ConW,C,YELLOW,Y,Y,1092
6036,159576,59,ConW,C,GREEN,G,G,967
6036,159576,60,ConW,C,BLUE,B,B,1030
6036,159576,61,ConW,C,YELLOW,Y,Y,1232
6036,159576,62,ConW,C,BLUE,B,B,1045
6036,159576,63,ConW,C,RED,R,R,983
6036,159576,64,ConW,C,YELLOW,Y,Y,1357
6036,159576,65,ConW,C,RED,R,R,1014
6036,159576,66,ConW,C,YELLOW,Y,Y,1030
6036,159576,67,ConW,C,BLUE,B,B,1186
6036,159576,68,ConW,C,RED,R,R,1107
6036,159576,69,ConW,C,BLUE,B,B,1061
6036,159576,70,ConW,C,GREEN,G,G,1185
6036,159576,71,ConW,C,YELLOW,Y,Y,1061
6036,159576,72,ConW,C,GREEN,G,G,1123
6036,159576,73,ConW,C,RED,R,R,1077
6036,159576,74,ConW,C,YELLOW,Y,Y,1185
6036,159576,75,ConW,C,BLUE,B,B,1186
6036,159576,76,ConW,C,YELLOW,Y,Y,1154
6036,159576,77,ConW,C,RED,R,R,1669
6036,159576,78,ConW,C,YELLOW,Y,Y,952
6036,159576,79,ConW,C,GREEN,G,G,1185
6036,159576,80,ConW,C,RED,R,R,1077
6036,159576,81,ConW,C,GREEN,G,G,983
6036,159576,82,ConW,C,RED,R,R,998
6036,159576,83,ConW,C,GREEN,G,G,1014
6036,159576,84,ConW,C,BLUE,B,B,1295
6036,159576,85,ConW,C,RED,R,R,1029
6036,159576,86,ConW,C,GREEN,G,G,1124
6036,159576,87,ConW,C,RED,R,R,1076
6036,159576,88,ConW,C,GREEN,G,G,1045
6036,159576,89,ConW,C,RED,R,R,999
6036,159576,90,ConW,C,BLUE,B,B,967
6036,159577,1,IncW,C,YELLOW,G,G,6427
6036,159577,2,IncW,C,RED,Y,Y,2184
6036,159577,3,IncW,C,GREEN,B,B,4430
6036,159577,4,IncW,C,RED,G,G,1857
6036,159577,5,IncW,C,YELLOW,R,R,1575
6036,159577,6,IncW,C,RED,G,G,1997
6036,159577,7,IncW,C,BLUE,Y,Y,1684
6036,159577,8,IncW,C,RED,B,B,2855
6036,159577,9,IncW,C,BLUE,R,R,2184
6036,159577,10,IncW,C,GREEN,Y,Y,2246
6036,159577,11,IncW,C,BLUE,G,G,2309
6036,159577,12,IncW,C,YELLOW,B,B,2995
6036,159577,13,IncW,C,GREEN,Y,Y,1669
6036,159577,14,IncW,C,YELLOW,B,B,1217
6036,159577,15,IncW,C,RED,Y,Y,921
6036,159577,16,IncW,C,GREEN,R,R,1185
6036,159577,17,IncW,C,RED,G,G,1092
6036,159577,18,IncW,C,GREEN,B,B,1576
6036,159577,19,IncW,C,YELLOW,G,G,1201
6036,159577,20,IncW,C,BLUE,Y,Y,2137
6036,159577,21,IncW,C,RED,G,G,2434
6036,159577,22,IncW,C,BLUE,R,R,967
6036,159577,23,IncW,C,GREEN,Y,Y,1201
6036,159577,24,IncW,C,BLUE,G,G,1544
6036,159577,25,IncW,C,RED,Y,Y,2777
6036,159577,26,IncW,C,GREEN,B,B,1825
6036,159577,27,IncW,C,BLUE,Y,Y,1092
6036,159577,28,IncW,C,YELLOW,G,G,1154
6036,159577,29,IncW,C,GREEN,B,B,2496
6036,159577,30,IncW,C,BLUE,Y,Y,2153
6036,159577,31,IncW,C,YELLOW,G,G,1108
6036,159577,32,IncW,C,GREEN,Y,Y,1731
6036,159577,33,IncW,C,RED,B,B,1233
6036,159577,34,IncW,C,GREEN,R,R,1201
6036,159577,35,IncW,C,RED,B,B,1201
6036,159577,36,IncW,C,YELLOW,R,R,1295
6036,159577,37,IncW,C,BLUE,G,G,983
6036,159577,38,IncW,C,YELLOW,R,R,1029
6036,159577,39,IncW,C,GREEN,B,B,1108
6036,159577,40,IncW,C,RED,G,G,1342
6036,159577,41,IncW,C,GREEN,Y,Y,1107
6036,159577,42,IncW,C,YELLOW,R,R,1108
6036,159577,43,IncW,C,GREEN,Y,Y,2277
6036,159577,44,IncW,C,BLUE,G,G,2169
6036,159577,45,IncW,C,YELLOW,R,R,1341
6036,159577,46,ConW,C,GREEN,G,G,1809
6036,159577,47,ConW,C,YELLOW,Y,Y,1358
6036,159577,48,ConW,C,RED,R,R,951
6036,159577,49,ConW,C,GREEN,G,G,1030
6036,159577,50,ConW,C,BLUE,B,B,1185
6036,159577,51,ConW,C,GREEN,G,G,2060
6036,159577,52,ConW,C,RED,R,R,1123
6036,159577,53,ConW,C,GREEN,G,G,1139
6036,159577,54,ConW,C,BLUE,B,B,1232
6036,159577,55,ConW,C,RED,R,R,1264
6036,159577,56,ConW,C,YELLOW,Y,Y,1029
6036,159577,57,ConW,C,BLUE,B,B,1763
6036,159577,58,ConW,C,GREEN,G,G,1030
6036,159577,59,ConW,C,BLUE,B,B,982
6036,159577,60,ConW,C,RED,R,R,1030
6036,159577,61,ConW,C,YELLOW,Y,Y,2121
6036,159577,62,ConW,C,RED,R,R,1014
6036,159577,63,ConW,C,GREEN,G,G,1030
6036,159577,64,ConW,C,BLUE,B,B,1154
6036,159577,65,ConW,C,GREEN,G,G,1389
6036,159577,66,ConW,C,BLUE,B,B,826
6036,159577,67,ConW,C,YELLOW,Y,Y,1201
6036,159577,68,ConW,C,RED,R,R,1202
6036,159577,69,ConW,C,BLUE,B,B,1076
6036,159577,70,ConW,C,GREEN,G,G,1014
6036,159577,71,ConW,C,YELLOW,Y,Y,1092
6036,159577,72,ConW,C,BLUE,B,B,1685
6036,159577,73,ConW,C,RED,R,R,936
6036,159577,74,ConW,C,GREEN,G,G,1029
6036,159577,75,ConW,C,BLUE,B,B,1280
6036,159577,76,ConW,C,YELLOW,Y,Y,1045
6036,159577,77,ConW,C,GREEN,G,G,1045
6036,159577,78,ConW,C,BLUE,B,B,983
6036,159577,79,ConW,C,RED,R,R,858
6036,159577,80,ConW,C,BLUE,B,B,1139
6036,159577,81,ConW,C,RED,R,R,1076
6036,159577,82,ConW,C,BLUE,B,B,920
6036,159577,83,ConW,C,RED,R,R,952
6036,159577,84,ConW,C,BLUE,B,B,967
6036,159577,85,ConW,C,YELLOW,Y,Y,1061
6036,159577,86,ConW,C,BLUE,B,B,874
6036,159577,87,ConW,C,YELLOW,Y,Y,873
6036,159577,88,ConW,C,RED,R,R,1045
6036,159577,89,ConW,C,GREEN,G,G,889
6036,159577,90,ConW,C,BLUE,B,B,952
6036,159627,1,IncW,C,YELLOW,B,B,18243
6036,159627,2,IncW,C,RED,G,R,4055
6036,159627,3,IncW,C,YELLOW,R,Y,15033
6036,159627,4,IncW,C,BLUE,Y,B,1358
6036,159627,5,IncW,C,RED,G,G,2505
6036,159627,6,IncW,C,GREEN,R,R,2221
6036,159627,7,IncW,C,YELLOW,B,Y,1948
6036,159627,8,IncW,C,RED,G,G,4207
6036,159627,9,IncW,C,BLUE,Y,Y,2625
6036,159627,10,IncW,C,GREEN,B,B,2069
6036,159627,11,IncW,C,RED,Y,Y,2016
6036,159627,12,IncW,C,GREEN,B,B,5832
6036,159627,13,IncW,C,YELLOW,G,G,1627
6036,159627,14,IncW,C,BLUE,Y,Y,2731
6036,159627,15,IncW,C,RED,G,G,1980
6036,159627,16,IncW,C,BLUE,R,R,2248
6036,159627,17,IncW,C,YELLOW,G,G,2141
6036,159627,18,IncW,C,GREEN,R,R,2225
6036,159627,19,IncW,C,YELLOW,G,G,2652
6036,159627,20,IncW,C,GREEN,R,R,1585
6036,159627,21,IncW,C,RED,G,G,1318
6036,159627,22,IncW,C,BLUE,R,R,888
6036,159627,23,IncW,C,YELLOW,B,B,1285
6036,159627,24,IncW,C,RED,Y,Y,1859
6036,159627,25,IncW,C,YELLOW,R,R,1472
6036,159627,26,IncW,C,RED,G,G,1560
6036,159627,27,IncW,C,GREEN,Y,Y,2668
6036,159627,28,IncW,C,RED,B,B,1269
6036,159627,29,IncW,C,BLUE,R,R,1608
6036,159627,30,IncW,C,YELLOW,G,G,1261
6036,159627,31,IncW,C,GREEN,R,R,1592
6036,159627,32,IncW,C,BLUE,G,G,1608
6036,159627,33,IncW,C,GREEN,Y,Y,1527
6036,159627,34,IncW,C,BLUE,G,G,2181
6036,159627,35,IncW,C,RED,Y,Y,1886
6036,159627,36,IncW,C,YELLOW,G,G,1995
6036,159627,37,IncW,C,RED,Y,Y,2450
6036,159627,38,IncW,C,YELLOW,G,G,1293
6036,159627,39,IncW,C,GREEN,B,B,969
6036,159627,40,IncW,C,BLUE,Y,Y,2077
6036,159627,41,IncW,C,YELLOW,R,R,1682
6036,159627,42,IncW,C,GREEN,Y,Y,2645
6036,159627,43,IncW,C,BLUE,G,G,1344
6036,159627,44,IncW,C,YELLOW,R,R,1203
6036,159627,45,IncW,C,GREEN,B,B,1286
6036,159627,46,ConW,C,YELLOW,Y,Y,3732
6036,159627,47,ConW,C,GREEN,G,G,1222
6036,159627,48,ConW,C,RED,R,R,1139
6036,159627,49,ConW,C,GREEN,G,G,1415
6036,159627,50,ConW,C,RED,R,R,1479
6036,159627,51,ConW,C,GREEN,G,G,1012
6036,159627,52,ConW,C,RED,R,R,823
6036,159627,53,ConW,C,GREEN,G,G,801
6036,159627,54,ConW,C,RED,R,R,832
6036,159627,55,ConW,C,GREEN,G,G,736
6036,159627,56,ConW,C,YELLOW,Y,Y,1415
6036,159627,57,ConW,C,BLUE,B,B,777
6036,159627,58,ConW,C,RED,R,R,1490
6036,159627,59,ConW,C,BLUE,B,B,1149
6036,159627,60,ConW,C,RED,R,R,1280
6036,159627,61,ConW,C,BLUE,B,B,1335
6036,159627,62,ConW,C,GREEN,G,G,1043
6036,159627,63,ConW,C,RED,R,R,1012
6036,159627,64,ConW,C,YELLOW,Y,Y,1852
6036,159627,65,ConW,C,BLUE,B,B,1076
6036,159627,66,ConW,C,RED,R,R,2152
6036,159627,67,ConW,C,YELLOW,Y,Y,1798
6036,159627,68,ConW,C,RED,R,R,1408
6036,159627,69,ConW,C,YELLOW,Y,Y,1633
6036,159627,70,ConW,C,RED,R,R,1373
6036,159627,71,ConW,C,YELLOW,Y,Y,1471
6036,159627,72,ConW,C,RED,R,R,1295
6036,159627,73,ConW,C,YELLOW,Y,Y,1171
6036,159627,74,ConW,C,RED,R,R,962
6036,159627,75,ConW,C,GREEN,G,G,1439
6036,159627,76,ConW,C,YELLOW,Y,Y,1293
6036,159627,77,ConW,C,GREEN,G,G,1067
6036,159627,78,ConW,C,BLUE,B,B,1009
6036,159627,79,ConW,C,YELLOW,Y,Y,1567
6036,159627,80,ConW,C,RED,R,R,1285
6036,159627,81,ConW,C,YELLOW,Y,Y,1504
6036,159627,82,ConW,C,BLUE,B,B,1931
6036,159627,83,ConW,C,RED,R,R,1364
6036,159627,84,ConW,C,YELLOW,Y,Y,1480
6036,159627,85,ConW,C,RED,R,R,1826
6036,159627,86,ConW,C,BLUE,B,B,1139
6036,159627,87,ConW,C,YELLOW,Y,Y,1448
6036,159627,88,ConW,C,BLUE,B,B,1222
6036,159627,89,ConW,C,RED,R,R,1350
6036,159627,90,ConW,C,YELLOW,Y,Y,1517
6036,159630,1,ConW,C,YELLOW,Y,Y,38171
6036,159630,2,ConW,C,RED,R,R,2204
6036,159630,3,ConW,C,GREEN,G,G,1532
6036,159630,4,ConW,C,RED,R,R,1678
6036,159630,5,ConW,C,GREEN,G,G,2016
6036,159630,6,ConW,C,BLUE,B,B,2355
6036,159630,7,ConW,C,RED,R,R,1647
6036,159630,8,ConW,C,BLUE,B,B,1911
6036,159630,9,ConW,C,RED,R,R,1600
6036,159630,10,ConW,C,BLUE,B,B,1520
6036,159630,11,ConW,C,RED,R,R,1623
6036,159630,12,ConW,C,YELLOW,Y,Y,1943
6036,159630,13,ConW,C,GREEN,G,G,1663
6036,159630,14,ConW,C,RED,R,R,1327
6036,159630,15,ConW,C,BLUE,B,B,1343
6036,159630,16,ConW,C,YELLOW,Y,Y,2143
6036,159630,17,ConW,C,BLUE,B,B,2071
6036,159630,18,ConW,C,RED,R,R,1456
6036,159630,19,ConW,C,BLUE,B,B,2398
6036,159630,20,ConW,C,YELLOW,Y,Y,2375
6036,159630,21,ConW,C,GREEN,G,G,1175
6036,159630,22,ConW,C,RED,R,R,1392
6036,159630,23,ConW,C,YELLOW,Y,Y,1823
6036,159630,24,ConW,C,BLUE,B,B,1319
6036,159630,25,ConW,C,YELLOW,Y,Y,1320
6036,159630,26,ConW,C,RED,R,R,1583
6036,159630,27,ConW,C,YELLOW,Y,Y,1383
6036,159630,28,ConW,C,BLUE,B,B,1519
6036,159630,29,ConW,C,YELLOW,Y,Y,1158
6036,159630,30,ConW,C,BLUE,B,B,1367
6036,159630,31,ConW,C,RED,R,R,1648
6036,159630,32,ConW,C,GREEN,G,G,2423
6036,159630,33,ConW,C,BLUE,B,B,1175
6036,159630,34,ConW,C,GREEN,G,G,1351
6036,159630,35,ConW,C,YELLOW,Y,Y,1575
6036,159630,36,ConW,C,RED,R,R,1415
6036,159630,37,ConW,C,YELLOW,Y,Y,1663
6036,159630,38,ConW,C,BLUE,B,B,1807
6036,159630,39,ConW,C,RED,R,R,1423
6036,159630,40,ConW,C,BLUE,B,B,1319
6036,159630,41,ConW,C,YELLOW,Y,Y,1264
6036,159630,42,ConW,C,GREEN,G,G,1168
6036,159630,43,ConW,C,YELLOW,Y,Y,2127
6036,159630,44,ConW,C,BLUE,B,B,1415
6036,159630,45,ConW,C,RED,R,R,1383
6036,159630,46,IncW,C,BLUE,G,G,3942
6036,159630,47,IncW,C,RED,Y,Y,1696
6036,159630,48,IncW,C,BLUE,G,G,2255
6036,159630,49,IncW,C,YELLOW,R,R,1703
6036,159630,50,IncW,C,RED,Y,Y,1927
6036,159630,51,IncW,C,GREEN,B,B,1744
6036,159630,52,IncW,C,YELLOW,G,G,2151
6036,159630,53,IncW,C,BLUE,R,R,1510
6036,159630,54,IncW,C,YELLOW,G,G,1416
6036,159630,55,IncW,C,BLUE,R,R,1239
6036,159630,56,IncW,C,YELLOW,B,B,1974
6036,159630,57,IncW,C,BLUE,R,R,1392
6036,159630,58,IncW,C,GREEN,B,B,1271
6036,159630,59,IncW,C,YELLOW,R,R,1312
6036,159630,60,IncW,C,GREEN,Y,Y,1982
6036,159630,61,IncW,C,YELLOW,R,R,2519
6036,159630,62,IncW,C,GREEN,Y,Y,1575
6036,159630,63,IncW,C,RED,B,B,1400
6036,159630,64,IncW,C,BLUE,G,G,2111
6036,159630,65,IncW,C,GREEN,Y,Y,1591
6036,159630,66,IncW,C,RED,B,B,1335
6036,159630,67,IncW,C,BLUE,Y,Y,1415
6036,159630,68,IncW,C,RED,B,B,1383
6036,159630,69,IncW,C,BLUE,R,R,1591
6036,159630,70,IncW,C,RED,Y,Y,1367
6036,159630,71,IncW,C,YELLOW,B,B,1432
6036,159630,72,IncW,C,RED,Y,G,1592
6036,159630,73,IncW,C,GREEN,B,B,1239
6036,159630,74,IncW,C,RED,G,G,1263
6036,159630,75,IncW,C,GREEN,B,B,2904
6036,159630,76,IncW,C,BLUE,Y,Y,1807
6036,159630,77,IncW,C,YELLOW,G,G,1999
6036,159630,78,IncW,C,GREEN,Y,Y,1280
6036,159630,79,IncW,C,YELLOW,R,R,1223
6036,159630,80,IncW,C,RED,B,B,1608
6036,159630,81,IncW,C,BLUE,R,R,1247
6036,159630,82,IncW,C,GREEN,Y,Y,1670
6036,159630,83,IncW,C,YELLOW,G,G,1807
6036,159630,84,IncW,C,GREEN,Y,Y,1320
6036,159630,85,IncW,C,YELLOW,B,B,1216
6036,159630,86,IncW,C,GREEN,R,R,2125
6036,159630,87,IncW,C,RED,G,G,1511
6036,159630,88,IncW,C,BLUE,R,R,1104
6036,159630,89,IncW,C,RED,B,B,1328
6036,159630,90,IncW,C,BLUE,Y,Y,1374
